stock_code,weight
300390,0.094762
300679,0.090024
002436,0.085286
002281,0.080548
600549,0.075810
300604,0.071071
002851,0.066333
002126,0.061595
000967,0.056857
002837,0.052119
300567,0.047381
688676,0.042643
603920,0.037905
300748,0.033167
000657,0.028429
300223,0.023690
002273,0.018952
603979,0.014214
300136,0.009476
002756,0.004738
002738,0.000500
601231,0.000500
300432,0.000500
603688,0.000500
600126,0.000500
600499,0.000500
688347,0.000500
002156,0.000500
002353,0.000500
600988,0.000500
